[
  {
    "refeicao": "Café da Manhã",
    "opcoes": [
      "Pão integral",
      "Frutas",
      "Iogurte"
    ],
    "beneficios": "Energia para o dia",
    "access": "premium"
  },
  {
    "refeicao": "Brunch",
    "opcoes": [
      "Ovos mexidos",
      "Smoothie",
      "Torrada"
    ],
    "beneficios": "Alternativa ao café da manhã",
    "access": "premium"
  },
  {
    "refeicao": "Almoço",
    "opcoes": [
      "Arroz integral",
      "Salada",
      "Frango"
    ],
    "beneficios": "Manter energia",
    "access": "premium"
  },
  {
    "refeicao": "Jantar",
    "opcoes": [
      "Sopa",
      "Peixe",
      "Legumes"
    ],
    "beneficios": "Leveza para a noite",
    "access": "premium"
  }
]