[
  {
    "titulo": "A Paz que Excede",
    "capitulo": "Filipenses 4",
    "texto": "Em meio às tempestades da vida, podemos encontrar paz ao confiar plenamente em Deus.",
    "licoes": [
      "Entregar nossas ansiedades em oração.",
      "Focar em tudo o que é bom e justo.",
      "A paz de Deus guarda mente e coração."
    ],
    "access": "free"
  },
  {
    "titulo": "Esperança Viva",
    "capitulo": "Romanos 5",
    "texto": "A perseverança produz caráter e esperança não decepciona.",
    "licoes": [
      "Perseverar nas tribulações.",
      "Gloriar-se nas esperanças.",
      "Confiança em Deus."
    ],
    "extras": {
      "audio": "/media/esperanca-viva.mp3",
      "pdf": "/pdfs/esperanca-viva.pdf"
    },
    "access": "premium"
  }
]