{
  "acoes_diarias": {
    "ler_devocional": 10,
    "registro_diario": 10,
    "plano_alimentacao": 10,
    "exercicio": 10,
    "pedido_oracao_free": 10,
    "compartilhar_devocional": 10,
    "compartilhar_oracao": 10,
    "compartilhar_testemunho": 10
  },
  "faixas_desconto_mensal": [
    {
      "min": 1200,
      "desconto": 0.4,
      "cupom": "P40"
    },
    {
      "min": 801,
      "desconto": 0.3,
      "cupom": "P30"
    },
    {
      "min": 401,
      "desconto": 0.2,
      "cupom": "P20"
    },
    {
      "min": 101,
      "desconto": 0.1,
      "cupom": "P10"
    },
    {
      "min": 0,
      "desconto": 0.0,
      "cupom": null
    }
  ],
  "rank_semanal": [
    {
      "posicao": 1,
      "desconto": 0.1,
      "cupom": "W10"
    }
  ],
  "rank_mensal": [
    {
      "posicao": 1,
      "desconto": 0.5,
      "cupom": "M50"
    },
    {
      "posicao": 2,
      "desconto": 0.4,
      "cupom": "M40"
    },
    {
      "posicao": 3,
      "desconto": 0.3,
      "cupom": "M30"
    },
    {
      "posicao": 4,
      "desconto": 0.2,
      "cupom": "M20"
    },
    {
      "posicao": 5,
      "desconto": 0.1,
      "cupom": "M10"
    }
  ],
  "rank_anual": [
    {
      "posicoes": [
        1,
        2,
        3
      ],
      "tipo": "assinatura_gratis",
      "valor": 3,
      "cupom": "A3M_FREE"
    },
    {
      "posicoes": [
        4,
        5,
        6,
        7,
        8,
        9,
        10
      ],
      "tipo": "ebook_certificado"
    },
    {
      "posicoes": [
        11,
        12,
        13,
        14,
        15,
        16,
        17,
        18,
        19,
        20,
        21,
        22,
        23,
        24,
        25,
        26,
        27,
        28,
        29,
        30,
        31,
        32,
        33,
        34,
        35,
        36,
        37,
        38,
        39,
        40,
        41,
        42,
        43,
        44,
        45,
        46,
        47,
        48,
        49,
        50
      ],
      "tipo": "cupom",
      "desconto": 0.2,
      "cupom": "A20"
    }
  ],
  "referencia": {
    "pts_por_amigo": 10,
    "min_amigos": 50,
    "cupom": "REF50"
  },
  "produtos": {
    "cupom_inapp": {
      "desconto": 0.1,
      "cupom": "INAPP10",
      "access": "premium"
    }
  }
}